<Result>
    <ConceptHierarchy ParentConceptID="2" ChildConceptID="6331"/>
    <ConceptHierarchy ParentConceptID="2" ChildConceptID="6335"/>
    <ConceptHierarchy ParentConceptID="2" ChildConceptID="6570"/>
    <ConceptHierarchy ParentConceptID="2" ChildConceptID="6689"/>
    <ConceptHierarchy ParentConceptID="2" ChildConceptID="6969"/>
    <ConceptHierarchy ParentConceptID="2" ChildConceptID="6985"/>
    <ConceptHierarchy ParentConceptID="2" ChildConceptID="12448"/>
    <ConceptHierarchy ParentConceptID="2" ChildConceptID="13534"/>
    <ConceptHierarchy ParentConceptID="2" ChildConceptID="13915"/>
    <ConceptHierarchy ParentConceptID="2" ChildConceptID="15872"/>
    <ConceptHierarchy ParentConceptID="2" ChildConceptID="15882"/>
    <ConceptHierarchy ParentConceptID="2" ChildConceptID="16203"/>
    <ConceptHierarchy ParentConceptID="2" ChildConceptID="16339"/>
    <ConceptHierarchy ParentConceptID="2" ChildConceptID="16905"/>
    <ConceptHierarchy ParentConceptID="2" ChildConceptID="19972"/>
    <ConceptHierarchy ParentConceptID="2" ChildConceptID="20683"/>
    <ConceptHierarchy ParentConceptID="2" ChildConceptID="21188"/>
    <ConceptHierarchy ParentConceptID="2" ChildConceptID="40434"/>
    <ConceptHierarchy ParentConceptID="2" ChildConceptID="45139"/>
    <ConceptHierarchy ParentConceptID="2" ChildConceptID="53160"/>
    <ConceptHierarchy ParentConceptID="2" ChildConceptID="59351"/>
    <ConceptHierarchy ParentConceptID="2" ChildConceptID="132135"/>
    <ConceptHierarchy ParentConceptID="2" ChildConceptID="153355"/>
    <ConceptHierarchy ParentConceptID="2" ChildConceptID="185394"/>
    <ConceptHierarchy ParentConceptID="2" ChildConceptID="187354"/>
    <ConceptHierarchy ParentConceptID="2" ChildConceptID="187371"/>
    <ConceptHierarchy ParentConceptID="2" ChildConceptID="187385"/>
    <ConceptHierarchy ParentConceptID="2" ChildConceptID="194904"/>
    <ConceptHierarchy ParentConceptID="2" ChildConceptID="194905"/>
    <ConceptHierarchy ParentConceptID="4" ChildConceptID="12044"/>
    <ConceptHierarchy ParentConceptID="4" ChildConceptID="12046"/>
    <ConceptHierarchy ParentConceptID="4" ChildConceptID="18665"/>
    <ConceptHierarchy ParentConceptID="4" ChildConceptID="20409"/>
    <ConceptHierarchy ParentConceptID="4" ChildConceptID="26546"/>
    <ConceptHierarchy ParentConceptID="4" ChildConceptID="34802"/>
    <ConceptHierarchy ParentConceptID="4" ChildConceptID="35623"/>
    <ConceptHierarchy ParentConceptID="4" ChildConceptID="37703"/>
    <ConceptHierarchy ParentConceptID="4" ChildConceptID="187364"/>
    <ConceptHierarchy ParentConceptID="7" ChildConceptID="9"/>
    <ConceptHierarchy ParentConceptID="7" ChildConceptID="10"/>
    <ConceptHierarchy ParentConceptID="7" ChildConceptID="11"/>
    <ConceptHierarchy ParentConceptID="8" ChildConceptID="7"/>
    <ConceptHierarchy ParentConceptID="8" ChildConceptID="259"/>
    <ConceptHierarchy ParentConceptID="8" ChildConceptID="261"/>
    <ConceptHierarchy ParentConceptID="8" ChildConceptID="262"/>
    <ConceptHierarchy ParentConceptID="8" ChildConceptID="263"/>
    <ConceptHierarchy ParentConceptID="8" ChildConceptID="265"/>
    <ConceptHierarchy ParentConceptID="8" ChildConceptID="268"/>
    <ConceptHierarchy ParentConceptID="8" ChildConceptID="269"/>
    <ConceptHierarchy ParentConceptID="8" ChildConceptID="270"/>
    <ConceptHierarchy ParentConceptID="8" ChildConceptID="207583"/>
    <ConceptHierarchy ParentConceptID="8" ChildConceptID="212356"/>
    <ConceptHierarchy ParentConceptID="8" ChildConceptID="221197"/>
    <ConceptHierarchy ParentConceptID="9" ChildConceptID="2881"/>
    <ConceptHierarchy ParentConceptID="9" ChildConceptID="2882"/>
    <ConceptHierarchy ParentConceptID="10" ChildConceptID="6442"/>
    <ConceptHierarchy ParentConceptID="10" ChildConceptID="9861"/>
    <Query/>
</Result>