<BulkAnalysis>
    <Document>
        <ID>1</ID>
        <TextAnalysis xmlns="http://www.collexis.com/annotations/" xmlns:i="http://www.w3.org/2001/XMLSchema-instance">
            <Annotations>
                <Annotation i:type="ConceptAnnotation">
                    <AFreq>1</AFreq>
                    <ConceptID>14059</ConceptID>
                    <Name>photosynthesis</Name>
                    <Rank>1</Rank>
                    <Thesaurus>NAL</Thesaurus>
                </Annotation>
                <Annotation i:type="TermAnnotation">
                    <ConceptID>14059</ConceptID>
                    <Flags xmlns:a="http://schemas.microsoft.com/2003/10/Serialization/Arrays">
                        <a:string>Q227.301.202.059</a:string>
                        <a:string>Q418.301.391.059</a:string>
                        <a:string>Q418.301.202.059</a:string>
                        <a:string>Q227.301.391.059</a:string>
                    </Flags>
                    <MatchScore>0.9</MatchScore>
                    <OrderingQuality>1</OrderingQuality>
                    <TermID>T101940</TermID>
                    <Thesaurus>NAL</Thesaurus>
                    <Tokens xmlns:a="http://schemas.microsoft.com/2003/10/Serialization/Arrays">
                        <a:int>0</a:int>
                    </Tokens>
                </Annotation>
                <Annotation i:type="POSTag">
                    <End>1</End>
                    <Offset>0</Offset>
                    <Alternative i:nil="true"/>
                    <Distance>0</Distance>
                    <LexicalSource>3</LexicalSource>
                    <SemTag>nn</SemTag>
                    <Tag>nn</Tag>
                </Annotation>
                <Annotation i:type="Word">
                    <Flags>Empty</Flags>
                    <Score>1</Score>
                    <SourceID>0</SourceID>
                    <Text>Photosynthesis</Text>
                    <Token>0</Token>
                </Annotation>
                <Annotation i:type="Word">
                    <Flags>Contained</Flags>
                    <Score>0.9</Score>
                    <SourceID>1</SourceID>
                    <Text>photosynthesis</Text>
                    <Token>0</Token>
                </Annotation>
                <Annotation i:type="Sentence">
                    <End>1</End>
                    <Offset>0</Offset>
                    <Duplicate>-1</Duplicate>
                </Annotation>
                <Annotation i:type="Token">
                    <End>14</End>
                    <Offset>0</Offset>
                    <Capitalisation>Initial Caps Lowers SentenceInitial</Capitalisation>
                    <Type>Alpha HasWhitespaceLeft HasWhitespaceRight HasBoundaryLeft</Type>
                </Annotation>
                <Annotation i:type="Section">
                    <End>14</End>
                    <Offset>0</Offset>
                    <Name>Document</Name>
                </Annotation>
            </Annotations>
        </TextAnalysis>
    </Document>
    <Document>
        <ID>2</ID>
        <TextAnalysis xmlns="http://www.collexis.com/annotations/" xmlns:i="http://www.w3.org/2001/XMLSchema-instance">
            <Annotations>
                <Annotation i:type="ConceptAnnotation">
                    <AFreq>1</AFreq>
                    <ConceptID>2895</ConceptID>
                    <Name>cells</Name>
                    <Rank>1</Rank>
                    <Thesaurus>NAL</Thesaurus>
                </Annotation>
                <Annotation i:type="TermAnnotation">
                    <ConceptID>2895</ConceptID>
                    <Flags xmlns:a="http://schemas.microsoft.com/2003/10/Serialization/Arrays">
                        <a:string>Q472.895</a:string>
                    </Flags>
                    <MatchScore>0.9</MatchScore>
                    <OrderingQuality>1</OrderingQuality>
                    <TermID>T026236</TermID>
                    <Thesaurus>NAL</Thesaurus>
                    <Tokens xmlns:a="http://schemas.microsoft.com/2003/10/Serialization/Arrays">
                        <a:int>0</a:int>
                    </Tokens>
                </Annotation>
                <Annotation i:type="POSTag">
                    <End>1</End>
                    <Offset>0</Offset>
                    <Alternative i:nil="true"/>
                    <Distance>0</Distance>
                    <LexicalSource>0</LexicalSource>
                    <SemTag>nns</SemTag>
                    <Tag>nns</Tag>
                </Annotation>
                <Annotation i:type="Word">
                    <Flags>Empty</Flags>
                    <Score>1</Score>
                    <SourceID>0</SourceID>
                    <Text>cells</Text>
                    <Token>0</Token>
                </Annotation>
                <Annotation i:type="Word">
                    <Flags>Depluralized Contained</Flags>
                    <Score>0.9</Score>
                    <SourceID>1</SourceID>
                    <Text>cell</Text>
                    <Token>0</Token>
                </Annotation>
                <Annotation i:type="Sentence">
                    <End>1</End>
                    <Offset>0</Offset>
                    <Duplicate>-1</Duplicate>
                </Annotation>
                <Annotation i:type="Token">
                    <End>5</End>
                    <Offset>0</Offset>
                    <Capitalisation>Lowers SentenceInitial</Capitalisation>
                    <Type>Alpha HasWhitespaceLeft HasWhitespaceRight HasBoundaryLeft</Type>
                </Annotation>
                <Annotation i:type="Section">
                    <End>5</End>
                    <Offset>0</Offset>
                    <Name>Document</Name>
                </Annotation>
            </Annotations>
        </TextAnalysis>
    </Document>
</BulkAnalysis>