<Result>
    <Concept ID="2" Name="positive sense, single-stranded RNA viruses" Idf="11.4391929544611" SemanticGroup="Taxonomic Classification of Organisms" IgnoredConcept="N" SuspiciousConcept="N" SemanticGroupID="127293">
        <Terms>
            <Term>positive sense single-stranded RNA viruses</Term>
            <Term>positive-sense RNA viruses</Term>
            <Term>single-stranded RNA viruses positive sense</Term>
            <Term>(+)ssRNA viruses</Term>
        </Terms>
        <ChildConcepts>
            <ChildConcept>45139</ChildConcept>
            <ChildConcept>19972</ChildConcept>
            <ChildConcept>40434</ChildConcept>
            <ChildConcept>6985</ChildConcept>
            <ChildConcept>194904</ChildConcept>
            <ChildConcept>132135</ChildConcept>
            <ChildConcept>194905</ChildConcept>
            <ChildConcept>21188</ChildConcept>
            <ChildConcept>12448</ChildConcept>
            <ChildConcept>15882</ChildConcept>
            <ChildConcept>53160</ChildConcept>
            <ChildConcept>6969</ChildConcept>
            <ChildConcept>16203</ChildConcept>
            <ChildConcept>187385</ChildConcept>
            <ChildConcept>6570</ChildConcept>
            <ChildConcept>185394</ChildConcept>
            <ChildConcept>59351</ChildConcept>
            <ChildConcept>13915</ChildConcept>
            <ChildConcept>187354</ChildConcept>
            <ChildConcept>13534</ChildConcept>
            <ChildConcept>6689</ChildConcept>
            <ChildConcept>20683</ChildConcept>
            <ChildConcept>6331</ChildConcept>
            <ChildConcept>15872</ChildConcept>
            <ChildConcept>153355</ChildConcept>
            <ChildConcept>187371</ChildConcept>
            <ChildConcept>6335</ChildConcept>
            <ChildConcept>16339</ChildConcept>
            <ChildConcept>16905</ChildConcept>
        </ChildConcepts>
        <ParentConcepts>
            <ParentConcept>1131</ParentConcept>
        </ParentConcepts>
    </Concept>
    <Concept ID="4" Name="negative sense, single-stranded RNA viruses" Idf="11.7223218648034" SemanticGroup="Taxonomic Classification of Organisms" IgnoredConcept="N" SuspiciousConcept="N" SemanticGroupID="127293">
        <Terms>
            <Term>(-)ssRNA viruses</Term>
            <Term>negative sense single-stranded RNA viruses</Term>
            <Term>single-stranded RNA viruses negative sense</Term>
        </Terms>
        <ChildConcepts>
            <ChildConcept>34802</ChildConcept>
            <ChildConcept>12044</ChildConcept>
            <ChildConcept>37703</ChildConcept>
            <ChildConcept>35623</ChildConcept>
            <ChildConcept>12046</ChildConcept>
            <ChildConcept>187364</ChildConcept>
            <ChildConcept>26546</ChildConcept>
            <ChildConcept>20409</ChildConcept>
            <ChildConcept>18665</ChildConcept>
        </ChildConcepts>
        <ParentConcepts>
            <ParentConcept>1131</ParentConcept>
        </ParentConcepts>
    </Concept>
    <Concept ID="6" Name="disparlure" Idf="11.2187902346591" SemanticGroup="Physical and Chemical Sciences" IgnoredConcept="N" SuspiciousConcept="N" SemanticGroupID="127306">
        <Terms>
            <Term>(7RS,8SR)-7,8-epoxy-2-methyloctadecane</Term>
            <Term>rel-(2R,3S)-2-decyl-3-(5-methylhexyl)oxirane</Term>
            <Term>disparlure</Term>
        </Terms>
        <ChildConcepts/>
        <ParentConcepts>
            <ParentConcept>13781</ParentConcept>
        </ParentConcepts>
    </Concept>
    <Concept ID="7" Name="acids, bases, and salts" Idf="13.0216107476338" SemanticGroup="Physical and Chemical Sciences" IgnoredConcept="N" SuspiciousConcept="N" SemanticGroupID="127306">
        <Terms>
            <Term>acids, bases, and salts</Term>
        </Terms>
        <ChildConcepts>
            <ChildConcept>11</ChildConcept>
            <ChildConcept>10</ChildConcept>
            <ChildConcept>9</ChildConcept>
        </ChildConcepts>
        <ParentConcepts>
            <ParentConcept>8</ParentConcept>
        </ParentConcepts>
    </Concept>
    <Concept ID="8" Name="chemical compounds" Idf="7.74136468076604" SemanticGroup="Physical and Chemical Sciences" IgnoredConcept="N" SuspiciousConcept="N" SemanticGroupID="127306">
        <Terms>
            <Term>chemical compounds</Term>
        </Terms>
        <ChildConcepts>
            <ChildConcept>212356</ChildConcept>
            <ChildConcept>259</ChildConcept>
            <ChildConcept>7</ChildConcept>
            <ChildConcept>207583</ChildConcept>
            <ChildConcept>263</ChildConcept>
            <ChildConcept>270</ChildConcept>
            <ChildConcept>268</ChildConcept>
            <ChildConcept>269</ChildConcept>
            <ChildConcept>265</ChildConcept>
            <ChildConcept>262</ChildConcept>
            <ChildConcept>261</ChildConcept>
            <ChildConcept>221197</ChildConcept>
        </ChildConcepts>
        <ParentConcepts>
            <ParentConcept>183</ParentConcept>
        </ParentConcepts>
    </Concept>
    <Concept ID="9" Name="acids" Idf="3.88100323381363" SemanticGroup="Physical and Chemical Sciences" IgnoredConcept="N" SuspiciousConcept="N" SemanticGroupID="127306">
        <Terms>
            <Term>acids</Term>
        </Terms>
        <ChildConcepts>
            <ChildConcept>2882</ChildConcept>
            <ChildConcept>2881</ChildConcept>
        </ChildConcepts>
        <ParentConcepts>
            <ParentConcept>7</ParentConcept>
        </ParentConcepts>
    </Concept>
    <Concept ID="10" Name="chemical bases" Idf="5.49475238026442" SemanticGroup="Physical and Chemical Sciences" IgnoredConcept="Y" SuspiciousConcept="N" SemanticGroupID="127306">
        <Terms>
            <Term>chemical bases</Term>
            <Term>base</Term>
            <Term>bases</Term>
        </Terms>
        <ChildConcepts>
            <ChildConcept>6442</ChildConcept>
            <ChildConcept>9861</ChildConcept>
        </ChildConcepts>
        <ParentConcepts>
            <ParentConcept>7</ParentConcept>
        </ParentConcepts>
    </Concept>
    <Concept ID="11" Name="salts" Idf="4.63601121427552" SemanticGroup="Physical and Chemical Sciences" IgnoredConcept="N" SuspiciousConcept="N" SemanticGroupID="127306">
        <Terms>
            <Term>salts</Term>
        </Terms>
        <ChildConcepts>
            <ChildConcept>12365</ChildConcept>
            <ChildConcept>17173</ChildConcept>
        </ChildConcepts>
        <ParentConcepts>
            <ParentConcept>7</ParentConcept>
        </ParentConcepts>
    </Concept>
    <Concept ID="13" Name="agronomy" Idf="7.81391099847445" SemanticGroup="Plant Science and Plant Products" IgnoredConcept="N" SuspiciousConcept="N" SemanticGroupID="127307">
        <Terms>
            <Term>agronomic science</Term>
            <Term>agronomy</Term>
        </Terms>
        <ChildConcepts/>
        <ParentConcepts>
            <ParentConcept>127307</ParentConcept>
        </ParentConcepts>
    </Concept>
    <Concept ID="14" Name="crop management" Idf="7.17962841507815" SemanticGroup="Farms and Farming Systems" IgnoredConcept="N" SuspiciousConcept="N" SemanticGroupID="127298">
        <Terms>
            <Term>crop management</Term>
        </Terms>
        <ChildConcepts>
            <ChildConcept>28763</ChildConcept>
            <ChildConcept>198587</ChildConcept>
            <ChildConcept>20527</ChildConcept>
            <ChildConcept>30122</ChildConcept>
        </ChildConcepts>
        <ParentConcepts>
            <ParentConcept>5408</ParentConcept>
            <ParentConcept>127307</ParentConcept>
        </ParentConcepts>
    </Concept>
    <Concept ID="15" Name="crop models" Idf="7.50360912314962" SemanticGroup="Plant Science and Plant Products" IgnoredConcept="N" SuspiciousConcept="N" SemanticGroupID="127307">
        <Terms>
            <Term>crop models</Term>
        </Terms>
        <ChildConcepts>
            <ChildConcept>228417</ChildConcept>
        </ChildConcepts>
        <ParentConcepts>
            <ParentConcept>30135</ParentConcept>
            <ParentConcept>127307</ParentConcept>
        </ParentConcepts>
    </Concept>
    <Concept ID="16" Name="crop production" Idf="6.17060027964041" SemanticGroup="Plant Science and Plant Products" IgnoredConcept="N" SuspiciousConcept="N" SemanticGroupID="127307">
        <Terms>
            <Term>crop plant production</Term>
            <Term>crop production</Term>
        </Terms>
        <ChildConcepts>
            <ChildConcept>30142</ChildConcept>
            <ChildConcept>67766</ChildConcept>
            <ChildConcept>30143</ChildConcept>
            <ChildConcept>30149</ChildConcept>
            <ChildConcept>30146</ChildConcept>
            <ChildConcept>30148</ChildConcept>
            <ChildConcept>30147</ChildConcept>
            <ChildConcept>30145</ChildConcept>
            <ChildConcept>30150</ChildConcept>
        </ChildConcepts>
        <ParentConcepts>
            <ParentConcept>127307</ParentConcept>
        </ParentConcepts>
    </Concept>
    <Concept ID="17" Name="crop quality" Idf="8.38406986824531" SemanticGroup="Plant Science and Plant Products" IgnoredConcept="N" SuspiciousConcept="N" SemanticGroupID="127307">
        <Terms>
            <Term>crop quality</Term>
        </Terms>
        <ChildConcepts>
            <ChildConcept>30155</ChildConcept>
        </ChildConcepts>
        <ParentConcepts>
            <ParentConcept>127307</ParentConcept>
        </ParentConcepts>
    </Concept>
    <Concept ID="18" Name="horticulture" Idf="7.20395687091878" SemanticGroup="Plant Science and Plant Products" IgnoredConcept="N" SuspiciousConcept="N" SemanticGroupID="127307">
        <Terms>
            <Term>horticulture</Term>
        </Terms>
        <ChildConcepts>
            <ChildConcept>45986</ChildConcept>
            <ChildConcept>41659</ChildConcept>
            <ChildConcept>31789</ChildConcept>
            <ChildConcept>11893</ChildConcept>
            <ChildConcept>40646</ChildConcept>
            <ChildConcept>11814</ChildConcept>
            <ChildConcept>22450</ChildConcept>
            <ChildConcept>28709</ChildConcept>
            <ChildConcept>69015</ChildConcept>
            <ChildConcept>18571</ChildConcept>
            <ChildConcept>28129</ChildConcept>
            <ChildConcept>11818</ChildConcept>
            <ChildConcept>45732</ChildConcept>
            <ChildConcept>41686</ChildConcept>
            <ChildConcept>68414</ChildConcept>
            <ChildConcept>30902</ChildConcept>
        </ChildConcepts>
        <ParentConcepts>
            <ParentConcept>127307</ParentConcept>
        </ParentConcepts>
    </Concept>
    <Concept ID="19" Name="irrigation and drainage" Idf="8.74386191884431" SemanticGroup="Natural Resources, Earth and Environmental Sciences" IgnoredConcept="N" SuspiciousConcept="N" SemanticGroupID="127305">
        <Terms>
            <Term>irrigation and drainage equipment</Term>
            <Term>irrigation and drainage</Term>
            <Term>irrigation and drainage systems</Term>
        </Terms>
        <ChildConcepts>
            <ChildConcept>12582</ChildConcept>
            <ChildConcept>24709</ChildConcept>
        </ChildConcepts>
        <ParentConcepts>
            <ParentConcept>21</ParentConcept>
        </ParentConcepts>
    </Concept>
    <Concept ID="20" Name="plant cultural practices" Idf="7.02079161450242" SemanticGroup="Plant Science and Plant Products" IgnoredConcept="N" SuspiciousConcept="N" SemanticGroupID="127307">
        <Terms>
            <Term>crop husbandry</Term>
            <Term>cultural methods</Term>
            <Term>plant growing practices</Term>
            <Term>plants cultivation</Term>
            <Term>agronomic practices</Term>
            <Term>plant care</Term>
            <Term>plant cultural practices</Term>
            <Term>cultural practices</Term>
            <Term>plant culture</Term>
            <Term>plant growing methods</Term>
        </Terms>
        <ChildConcepts>
            <ChildConcept>123839</ChildConcept>
            <ChildConcept>34963</ChildConcept>
            <ChildConcept>33957</ChildConcept>
            <ChildConcept>58546</ChildConcept>
            <ChildConcept>58547</ChildConcept>
            <ChildConcept>42886</ChildConcept>
            <ChildConcept>11357</ChildConcept>
            <ChildConcept>28960</ChildConcept>
            <ChildConcept>58545</ChildConcept>
            <ChildConcept>104900</ChildConcept>
            <ChildConcept>623</ChildConcept>
            <ChildConcept>58551</ChildConcept>
            <ChildConcept>28390</ChildConcept>
            <ChildConcept>58550</ChildConcept>
            <ChildConcept>106073</ChildConcept>
            <ChildConcept>46411</ChildConcept>
            <ChildConcept>43596</ChildConcept>
            <ChildConcept>11360</ChildConcept>
            <ChildConcept>58549</ChildConcept>
            <ChildConcept>28719</ChildConcept>
            <ChildConcept>32141</ChildConcept>
            <ChildConcept>53565</ChildConcept>
            <ChildConcept>11359</ChildConcept>
        </ChildConcepts>
        <ParentConcepts>
            <ParentConcept>127307</ParentConcept>
        </ParentConcepts>
    </Concept>
    <Query/>
</Result>