<TextAnalysis xmlns="http://www.collexis.com/annotations/" xmlns:i="http://www.w3.org/2001/XMLSchema-instance">
    <Annotations>
        <Annotation i:type="Category">
            <Name>NAL</Name>
            <Rank>0.38669546235358992</Rank>
        </Annotation>
        <Annotation i:type="Category">
            <Name>CHM</Name>
            <Rank>0.10211712600331739</Rank>
        </Annotation>
        <Annotation i:type="Category">
            <Name>MSH</Name>
            <Rank>-0.089007781244275774</Rank>
        </Annotation>
        <Annotation i:type="Category">
            <Name>CPX</Name>
            <Rank>-0.32372352471222826</Rank>
        </Annotation>
        <Annotation i:type="Category">
            <Name>PHY</Name>
            <Rank>-0.54230494113296657</Rank>
        </Annotation>
        <Annotation i:type="Category">
            <Name>MAT</Name>
            <Rank>-0.55097731308183351</Rank>
        </Annotation>
        <Annotation i:type="Category">
            <Name>SOC</Name>
            <Rank>-0.613317222927386</Rank>
        </Annotation>
        <Annotation i:type="Category">
            <Name>HUM</Name>
            <Rank>-0.65570691216024735</Rank>
        </Annotation>
        <Annotation i:type="Category">
            <Name>ECO</Name>
            <Rank>-0.66744240396442089</Rank>
        </Annotation>
        <Annotation i:type="Category">
            <Name>GEO</Name>
            <Rank>-0.778532656225706</Rank>
        </Annotation>
    </Annotations>
</TextAnalysis>