<TextAnalysis xmlns="http://www.collexis.com/annotations/" xmlns:i="http://www.w3.org/2001/XMLSchema-instance">
    <Annotations>
        <Annotation i:type="Category">
            <Name>MD</Name>
            <Rank>1.8687817970019684</Rank>
        </Annotation>
        <Annotation i:type="Category">
            <Name>NAL</Name>
            <Rank>0.065609101499015776</Rank>
        </Annotation>
        <Annotation i:type="Category">
            <Name>CPX</Name>
            <Rank>-0.098982705693791279</Rank>
        </Annotation>
        <Annotation i:type="Category">
            <Name>ECO</Name>
            <Rank>-0.22196016948571026</Rank>
        </Annotation>
        <Annotation i:type="Category">
            <Name>SOC</Name>
            <Rank>-0.28229243385631247</Rank>
        </Annotation>
        <Annotation i:type="Category">
            <Name>PHY</Name>
            <Rank>-0.34967171970913064</Rank>
        </Annotation>
        <Annotation i:type="Category">
            <Name>MSH</Name>
            <Rank>-0.518956425217575</Rank>
        </Annotation>
        <Annotation i:type="Category">
            <Name>HUM</Name>
            <Rank>-0.78509235176399228</Rank>
        </Annotation>
        <Annotation i:type="Category">
            <Name>GEO</Name>
            <Rank>-0.79867468671478048</Rank>
        </Annotation>
        <Annotation i:type="Category">
            <Name>MAT</Name>
            <Rank>-0.90731863149960756</Rank>
        </Annotation>
        <Annotation i:type="Category">
            <Name>CHM</Name>
            <Rank>-1.0904354680277815</Rank>
        </Annotation>
    </Annotations>
</TextAnalysis>